"Marca temporal","
Creo que me gustará usar este sistema con frecuencia.
","
Encontré el sistema innecesariamente complejo.","
Me pareció que el sistema era fácil de usar.","
Creo que necesitaría el apoyo de una persona técnica para poder usar este sistema.","
Encontré que las diversas funciones de este sistema estaban bastante bien integradas.","
Me pareció que había demasiada inconsistencia en este sistema.","
Imagino que la mayoría de las personas aprenderían a usar este sistema muy rápidamente.","
Encontré el sistema muy engorroso o difícil de usar.","
Me sentí muy confiado/a al usar el sistema.","
Necesité aprender muchas cosas antes de poder empezar a usar este sistema."
"2026/08/16 7:20:35 a.m. GMT-5","5","2","4","1","4","2","4","2","4","1"
"2026/08/16 7:21:30 a.m. GMT-5","5","1","5","1","4","1","4","1","4","1"
"2026/08/16 7:22:23 a.m. GMT-5","3","1","5","1","5","1","5","1","4","1"
"2026/08/16 7:41:52 a.m. GMT-5","4","2","5","3","4","3","4","3","3","3"
"2026/08/16 7:44:17 a.m. GMT-5","4","3","3","2","4","3","4","3","4","1"
"2026/08/16 11:28:10 a.m. GMT-5","4","3","3","1","5","2","3","2","3","3"
"2026/08/16 11:29:04 a.m. GMT-5","5","2","4","2","4","2","3","2","3","3"
"2026/08/16 1:09:27 p.m. GMT-5","3","3","3","4","3","2","4","3","3","4"
"2026/08/16 1:10:17 p.m. GMT-5","5","1","5","2","4","2","4","2","4","3"
"2026/08/16 1:11:28 p.m. GMT-5","2","4","4","2","3","4","5","4","3","3"